{
  "loc": [
    -0.22240187127608807,
    -0.6681910626590253,
    0.15662776231765724,
    -2.611449861526489,
    0.1652892842888832,
    2.1388373970985413,
    -2.495310604572296,
    0.042499999050050974
  ],
  "scale": [
    0.21822274129372088,
    0.8373831517994403,
    0.22316515147685978,
    0.431607723236084,
    0.21655969768762587,
    0.49619239568710327,
    0.24167934656143197,
    0.03749999916180968
  ]
}