{
  "loc": [
    -0.3807744085788727,
    -0.10847260802984238,
    0.7204329967498779
  ],
  "scale": [
    0.4015880227088928,
    0.12910722196102142,
    0.6284636855125427
  ]
}