{
  "loc": [
    -0.43148890137672424,
    -0.15215685963630676,
    0.47051626443862915,
    -2.6241912841796875,
    0.08381892740726471,
    2.521925687789917,
    -2.3742971420288086,
    0.032915614545345306
  ],
  "scale": [
    0.08003179728984833,
    0.2736685276031494,
    0.07188407331705093,
    0.08968964964151382,
    0.09972046315670013,
    0.3620469570159912,
    0.09848324954509735,
    0.03625443950295448
  ],
  "type": "gaussian"
}