{
  "loc": [
    -0.31266432523727417,
    -0.19410167753696442,
    0.30667196184396744,
    -2.48461229801178,
    0.0666421003267169,
    2.2919307851791384,
    -2.350700402259827,
    0.042499999050050974
  ],
  "scale": [
    0.05866613745689392,
    0.44837668359279637,
    0.06712306588888171,
    0.17820109844207788,
    0.07755137968808413,
    0.5115399789810181,
    0.08765497684478762,
    0.03749999916180968
  ]
}