{
  "loc": [
    -0.11159131675958633,
    -0.01386900432407856,
    0.340467244386673
  ],
  "scale": [
    0.11938151717185974,
    0.06247523054480553,
    0.25862133502960205
  ]
}