{
  "loc": [
    -0.3771131959557532,
    -0.17523932814598078,
    0.2716012074053288,
    -2.433106451034546,
    0.04873447373509418,
    2.2714739823341374,
    -2.3552485656738282,
    0.042499999050050974
  ],
  "scale": [
    0.2091588339209558,
    0.46475814938545235,
    0.19571192249655728,
    0.22798240661621105,
    0.10760952994227421,
    0.5219266486167912,
    0.17673861503601085,
    0.03749999916180968
  ]
}