{
  "loc": [
    -0.21118603646755219,
    -0.007964170537889004,
    0.4029293954372406
  ],
  "scale": [
    0.21834860742092133,
    0.06442073732614517,
    0.31335750222206116
  ]
}