{
  "loc": [
    -0.17059007838368417,
    -0.5690293368697167,
    0.3749346867203712,
    -2.669289064407349,
    0.1829803295806051,
    2.2496415042877196,
    -2.280348448753357,
    0.042499999050050974
  ],
  "scale": [
    0.1408998779952526,
    0.4975892534852028,
    0.2346775159239769,
    0.2324039936065676,
    0.16175867598503832,
    0.6142968368530273,
    0.17547888278961188,
    0.03749999916180968
  ]
}