{
  "loc": [
    -0.032877497375011444,
    0.06853076815605164,
    0.23225942254066467
  ],
  "scale": [
    0.040824905037879944,
    0.07405101507902145,
    0.14913201332092285
  ]
}