{
  "loc": [
    -0.37652205288410184,
    -0.4082248662039638,
    0.37409996014088387,
    -2.3888506197929384,
    0.12392831803299487,
    2.136111575961113,
    -2.594281920194626,
    0.03999999910593033
  ],
  "scale": [
    0.1902348816394806,
    0.4338308652117848,
    0.2847710390761494,
    0.1575467872619627,
    0.1421918779518455,
    0.40251703083515156,
    0.22202384591102597,
    0.03999999910593033
  ]
}