{
  "loc": [
    -0.10128810256719589,
    0.08439511060714722,
    0.24684810638427734
  ],
  "scale": [
    0.10341749340295792,
    0.09868890792131424,
    0.1503966897726059
  ]
}